{"cameraMode":{"drawMode":0,"name":"Shaded","section":"Shading Mode"},"sceneLighting":true,"audioPlay":false,"sceneViewState":{"m_AlwaysRefresh":false,"showFog":true,"showSkybox":true,"showFlares":true,"showImageEffects":true,"showParticleSystems":true,"showVisualEffectGraphs":true,"m_FxEnabled":true},"in2DMode":false,"pivot":{"x":0.9787927269935608,"y":2.7840309143066408,"z":-4.487035751342773},"rotation":{"x":0.25514495372772219,"y":0.0014502303674817086,"z":-0.0003829364140983671,"w":0.9668928980827332},"size":9.398557662963868,"orthographic":true}